title,company,location,url,source
"Full Stack Engineer (NestJS, Next.js, PostgreSQL) - Remote - Work From Home",N/A Company,Remote,https://weworkremotely.com/company/pronto-pilates-pty-ltd,WeWorkRemotely
Senior Software Engineer,N/A Company,Remote,https://weworkremotely.com/company/contra,WeWorkRemotely
Coding Tech Bootcamp - Job Guaranteed by Metana,N/A Company,Remote,https://metana.io/full-stack-software-engineer-bootcamp/?utm_source=weworkremotely.com&utm_medium=homepage-ad,WeWorkRemotely
Senior Laravel Developer,N/A Company,Remote,https://weworkremotely.com/company/awesome-motive,WeWorkRemotely
No Code Developer,N/A Company,Remote,https://weworkremotely.com/company/contra,WeWorkRemotely
Laravel/VueJS Developer for Scalable Call Center CRM Platform,N/A Company,Remote,https://weworkremotely.com/company/onquecrm,WeWorkRemotely
Senior C# Developer with strong database knowledge,N/A Company,Remote,https://weworkremotely.com/company/spectral-core,WeWorkRemotely
Full-stack Engineer,N/A Company,Remote,https://weworkremotely.com/company/chipcolate,WeWorkRemotely
iOS App Developer,N/A Company,Remote,https://weworkremotely.com/company/contra,WeWorkRemotely
Shopify Developer,N/A Company,Remote,https://weworkremotely.com/company/contra,WeWorkRemotely
Senior Full-Stack Engineer: Exciting Early-Stage Startup ðŸš€,N/A Company,Remote,https://weworkremotely.com/company/koast-ai,WeWorkRemotely
Senior Developer,N/A Company,Remote,https://weworkremotely.com/company/tiding-health,WeWorkRemotely
Staff Software Engineer,N/A Company,Remote,https://weworkremotely.com/company/baxenergy,WeWorkRemotely
Founding Senior Engineer (Eng #4),N/A Company,Remote,https://weworkremotely.com/company/revenue-vessel,WeWorkRemotely
Affiliate Marketing Manager (Growth and Partnerships),N/A Company,Remote,https://weworkremotely.com/company/simify,WeWorkRemotely
Social Media Lead,N/A Company,Remote,https://weworkremotely.com/company/okta,WeWorkRemotely
"Senior Director, Product Marketing",N/A Company,Remote,https://weworkremotely.com/company/axonius,WeWorkRemotely
"Facebook Ads Manager â€“ Full Ownership, Real Impact",N/A Company,Remote,https://weworkremotely.com/company/british-supplements,WeWorkRemotely
Analytics Lead,N/A Company,Remote,https://weworkremotely.com/company/flagshiprtl,WeWorkRemotely
Retail Media Specialist,N/A Company,Remote,https://weworkremotely.com/company/acadia-io,WeWorkRemotely
Senior Performance Marketer,N/A Company,Remote,https://weworkremotely.com/company/glo-generate-leads-online,WeWorkRemotely
Account Executive - Sales,N/A Company,Remote,https://weworkremotely.com/company/real-geeks,WeWorkRemotely
Agency & Recruiter Partnerships Account Executive,N/A Company,Remote,https://weworkremotely.com/company/we-work-remotely,WeWorkRemotely
"Director of Content, Enterprise",N/A Company,Remote,https://weworkremotely.com/company/animalz,WeWorkRemotely
Administrative Assistant Intern (Remote â€“ Germany / Norway / Sweden),N/A Company,Remote,https://weworkremotely.com/company/executive-search-firm-global,WeWorkRemotely
Remote Inside Sales,N/A Company,Remote,https://weworkremotely.com/company/report-owl-llc,WeWorkRemotely
Fashion and Beauty Ambassador,N/A Company,Remote,https://weworkremotely.com/company/acosta,WeWorkRemotely
Sr. Product Analytics Manager (Remote),N/A Company,Remote,https://weworkremotely.com/company/rula,WeWorkRemotely
Head Bookkeeper,N/A Company,Remote,https://weworkremotely.com/company/sole-bicycles,WeWorkRemotely
(Loom video required!) Executive Assistant to the CEO | Bookyourdata,N/A Company,Remote,https://weworkremotely.com/company/bookyourdata,WeWorkRemotely
IFRS Accountant with Multiple Jurisdiction Experience,N/A Company,Remote,https://weworkremotely.com/company/flag-theory,WeWorkRemotely
Marketing Automation SaaS + Services Line of Business Owner,N/A Company,Remote,https://weworkremotely.com/company/new-law-business-model,WeWorkRemotely
Business Analyst,N/A Company,Remote,https://weworkremotely.com/company/elite-software-automation,WeWorkRemotely
Business Operations Manager:in,N/A Company,Remote,https://weworkremotely.com/company/cleanskin-betriebs-gmbh,WeWorkRemotely
SENIOR ACCOUNTANT (REMOTE),N/A Company,Remote,https://weworkremotely.com/company/blinc,WeWorkRemotely
Freelance Project Manager (Marketing Websites / WordPress),N/A Company,Remote,https://weworkremotely.com/company/tell-me-more,WeWorkRemotely
Collections Account Manager,N/A Company,Remote,https://weworkremotely.com/company/clipboard-health,WeWorkRemotely
"Mid Market Account Executive, West",N/A Company,Remote,https://weworkremotely.com/company/ironclad,WeWorkRemotely
ALERTE : Recherche Monteur VidÃ©o Madagascar (OPPORTUNITÃ‰ UNIQUE),N/A Company,Remote,https://weworkremotely.com/company/reach,WeWorkRemotely
Senior Product Designer,N/A Company,Remote,https://weworkremotely.com/company/toggl,WeWorkRemotely
Motion Designer,N/A Company,Remote,https://weworkremotely.com/company/contra,WeWorkRemotely
Graphic Design Internship '25,N/A Company,Remote,https://weworkremotely.com/company/daybreaker,WeWorkRemotely
Senior Virtual Design Coordinator,N/A Company,Remote,https://weworkremotely.com/company/imeg-consultants,WeWorkRemotely
Service Designer,N/A Company,Remote,https://weworkremotely.com/company/steampunk,WeWorkRemotely
Frontend Engineer,N/A Company,Remote,https://weworkremotely.com/company/contra,WeWorkRemotely
UI/UX Designer,N/A Company,Remote,https://weworkremotely.com/company/files-com,WeWorkRemotely
Entry Level Sales Agent - Chat Only - Side Hustle,N/A Company,Remote,https://weworkremotely.com/company/used-conex-llc,WeWorkRemotely
Canva Designer,N/A Company,Remote,https://weworkremotely.com/company/contra,WeWorkRemotely
Digital Marketing Lead,N/A Company,Remote,https://weworkremotely.com/company/contra,WeWorkRemotely
Brand Designer,N/A Company,Remote,https://weworkremotely.com/company/contra,WeWorkRemotely
Salesforce Developer - remote working BC based,N/A Company,Remote,https://weworkremotely.com/company/cansel,WeWorkRemotely
Regional Service Manager CRM - Mountain West,N/A Company,Remote,https://weworkremotely.com/company/medtronic,WeWorkRemotely
CRM Solutions Architect (Remote),N/A Company,Remote,https://weworkremotely.com/company/experian,WeWorkRemotely
"Technical Lead I, Frontend",N/A Company,Remote,https://weworkremotely.com/company/hubspot,WeWorkRemotely
Remote Customer Service Rep Up to 19/hour - No Degree Needed,N/A Company,Remote,https://weworkremotely.com/company/nogigiddy,WeWorkRemotely
Senior Architect - Commercial Life Sciences (Remote),N/A Company,Remote,https://weworkremotely.com/company/veeva-systems,WeWorkRemotely
CRM Campaign Coordinator,N/A Company,Remote,https://weworkremotely.com/company/growthassistant,WeWorkRemotely
Salesforce Implementer,N/A Company,Remote,https://weworkremotely.com/company/abra,WeWorkRemotely
Business Development Support Specialist,N/A Company,Remote,https://weworkremotely.com/company/integreon-intermediate,WeWorkRemotely
Data Engineer (Billing Automation),N/A Company,Remote,https://weworkremotely.com/company/3-oaks-gaming,WeWorkRemotely
Client Support Specialist (Healthcare Facilities - B2B),N/A Company,Remote,https://weworkremotely.com/company/clipboard-health,WeWorkRemotely
Business Development Representative,N/A Company,Remote,https://weworkremotely.com/company/datavail-infotech,WeWorkRemotely
Customer Success Associate - Performance Management,N/A Company,Remote,https://weworkremotely.com/company/lexipol,WeWorkRemotely
EU-Freelancer (m/w/d) im Inbound Kundenservice - Home-Office!,N/A Company,Remote,https://weworkremotely.com/company/hey-contact-heroes-gmbh,WeWorkRemotely
Zoho Project Consultant,N/A Company,Remote,https://weworkremotely.com/company/crm-experts-online,WeWorkRemotely
Sr MS Dynamics CRM Business analyst,N/A Company,Remote,https://weworkremotely.com/company/axiom-software-solutions-limited,WeWorkRemotely
Freelancer (m/w/d) Inbound Kundenservice - Ã¼berall in der EU! - Home-Office,N/A Company,Remote,https://weworkremotely.com/company/hey-contact-heroes-gmbh,WeWorkRemotely
Commercial Sales Manager,N/A Company,Remote,https://weworkremotely.com/company/kustomer,WeWorkRemotely
Remote CRM Coordinator,N/A Company,Remote,https://weworkremotely.com/company/online-river,WeWorkRemotely
"Partner Manager, Customer Relationship Manager (CRM)",N/A Company,Remote,https://weworkremotely.com/company/j-d-power,WeWorkRemotely
"Director, Client Success",N/A Company,Remote,https://weworkremotely.com/company/ventra-health,WeWorkRemotely
Sales & CRM Assistant (ZR_23270_JOB),N/A Company,Remote,https://weworkremotely.com/company/bruntwork,WeWorkRemotely
ðŸš€ Senior Account Manager â€“ Join a Fast-Growing Digital Marketing Agency! ðŸš€,N/A Company,Remote,https://weworkremotely.com/company/upkeep-media,WeWorkRemotely
CRM Manager Bilingue Anglais/FranÃ§ais,N/A Company,Remote,https://weworkremotely.com/company/emailclub,WeWorkRemotely
Global Sales Operations Lead,N/A Company,Remote,https://weworkremotely.com/company/sa-global,WeWorkRemotely
Director of Investments & Asset Management - Private Equity Real Estate,N/A Company,Remote,https://weworkremotely.com/company/walter,WeWorkRemotely
Virtual Assistants - Latin America,N/A Company,Remote,https://weworkremotely.com/company/walter,WeWorkRemotely
QA Engineer,N/A Company,Remote,https://weworkremotely.com/company/elite-software-automation,WeWorkRemotely
Social Media Manager,N/A Company,Remote,https://weworkremotely.com/company/contra,WeWorkRemotely
Creative Video Editor,N/A Company,Remote,https://weworkremotely.com/company/contra,WeWorkRemotely
Freelance Writer,N/A Company,Remote,https://weworkremotely.com/company/prowritersites,WeWorkRemotely
AI Content Evaluator/Writer,N/A Company,Remote,https://weworkremotely.com/company/ait,WeWorkRemotely
(Implementation) Project Manager,N/A Company,Remote,https://weworkremotely.com/company/paymentology,WeWorkRemotely
Performance Video Editor,N/A Company,Remote,https://weworkremotely.com/company/contra,WeWorkRemotely
Procurement Analyst,N/A Company,Remote,https://weworkremotely.com/company/paymentology,WeWorkRemotely
Languages teachers,N/A Company,Remote,https://weworkremotely.com/company/ae-virtual-class-s-a,WeWorkRemotely
AI Trainer,N/A Company,Remote,https://weworkremotely.com/company/anuttacon,WeWorkRemotely
Cybersecurity Architect,N/A Company,Remote,https://weworkremotely.com/company/remotemore,WeWorkRemotely
Remote Automation Specialist (Zapier / HighLevel / Notion),N/A Company,Remote,https://weworkremotely.com/company/profitable-painter-cpa-pllc,WeWorkRemotely
Student Representatives,N/A Company,Remote,https://weworkremotely.com/company/eduopinions,WeWorkRemotely
Video Editor,N/A Company,Remote,https://weworkremotely.com/company/contra,WeWorkRemotely
Product Manager,N/A Company,Remote,https://weworkremotely.com/company/input-logic,WeWorkRemotely
Senior Product Manager,N/A Company,Remote,https://weworkremotely.com/company/toggl,WeWorkRemotely
Sr. Technical Product Manager,N/A Company,Remote,https://weworkremotely.com/company/applied-systems,WeWorkRemotely
Backend Engineer (Remote - India),N/A Company,Remote,https://weworkremotely.com/company/assetintel,WeWorkRemotely
Product Manager,N/A Company,Remote,https://weworkremotely.com/company/mailerlite,WeWorkRemotely
Head of Product,N/A Company,Remote,https://weworkremotely.com/company/toggl,WeWorkRemotely
Senior Independent Product Manager/Product Designer ($90-$170/hr),N/A Company,Remote,https://weworkremotely.com/company/a-team,WeWorkRemotely
Senior Technical Product Manager,N/A Company,Remote,https://weworkremotely.com/company/tether,WeWorkRemotely
Senior Front-end Software Engineer (Vue.js),N/A Company,Remote,https://weworkremotely.com/company/slideswithfriends,WeWorkRemotely
Senior Software Engineer - Frontend/React - USA Only (100% Remote),N/A Company,Remote,https://weworkremotely.com/company/close,WeWorkRemotely
Senior React Front End Developer (Latin America),N/A Company,Remote,https://weworkremotely.com/company/lyfeplan-llc,WeWorkRemotely
Senior React Native Developer,N/A Company,Remote,https://weworkremotely.com/company/proxify-ab,WeWorkRemotely
Linux System Engineer (M/W/D),N/A Company,Remote,https://weworkremotely.com/company/anexia-internetdienstleistungs,WeWorkRemotely
Freelance Web Designer,N/A Company,Remote,https://weworkremotely.com/company/reedsy,WeWorkRemotely
Senior Backend Engineer,N/A Company,Remote,https://weworkremotely.com/company/proton-ai,WeWorkRemotely
Experienced Software Engineer - Backend,N/A Company,Remote,https://weworkremotely.com/company/tiller,WeWorkRemotely
Senior Software Engineer - Backend/Python - USA Only (100% Remote),N/A Company,Remote,https://weworkremotely.com/company/close,WeWorkRemotely
Mid-Senior Rails Systems Monitoring & Quality Assurance,N/A Company,Remote,https://weworkremotely.com/company/webpunch,WeWorkRemotely
Senior Symfony Developer,N/A Company,Remote,https://weworkremotely.com/company/proxify-ab,WeWorkRemotely
Senior Shopify Developer,N/A Company,Remote,https://weworkremotely.com/company/proxify-ab,WeWorkRemotely
Senior Laravel Developer,N/A Company,Remote,https://weworkremotely.com/company/proxify-ab,WeWorkRemotely
Senior Ruby on Rails Developer,N/A Company,Remote,https://weworkremotely.com/company/proxify-ab,WeWorkRemotely
DevOps Engineer,N/A Company,Remote,https://weworkremotely.com/company/paymentology,WeWorkRemotely
Senior Account Lead,N/A Company,Remote,https://weworkremotely.com/company/sanctuary-computer,WeWorkRemotely
Project coordinator,N/A Company,Remote,https://weworkremotely.com/company/sana-vita-operations-llc,WeWorkRemotely
Site Reliability Engineer,N/A Company,Remote,https://weworkremotely.com/company/chipcolate,WeWorkRemotely
Senior Devops Engineer,N/A Company,Remote,https://weworkremotely.com/company/cheqpay-mx,WeWorkRemotely
Senior DevOps Engineer (Azure),N/A Company,Remote,https://weworkremotely.com/company/proxify-ab,WeWorkRemotely
System and Network Administrator,N/A Company,Remote,https://weworkremotely.com/company/ivpn,WeWorkRemotely
